<?xml version="1.0" encoding="UTF-8"?>
<includes>
	<include name="HomeSubMenuVideos">
		<control type="image" id="90101">
			<width>35</width>
			<height>35</height>
			<texture border="0,0,0,3" flipx="true">HomeSubEnd.png</texture>
		</control>
		<control type="button" id="90102">
			<include>ButtonHomeSubCommonValues</include>
			<label>342</label>
			<onclick>ActivateWindow(Videos,MovieTitles,return)</onclick>
			<visible>Library.HasContent(Movies) + Skin.HasSetting(HomeMenuNoMovieButton)</visible>
		</control>
		<control type="button" id="90103">
			<include>ButtonHomeSubCommonValues</include>
			<label>20343</label>
			<onclick>ActivateWindow(Videos,TvShowTitles,return)</onclick>
			<visible>Library.HasContent(TVShows) + Skin.HasSetting(HomeMenuNoTVShowButton)</visible>
		</control>
		<control type="button" id="90104">
			<include>ButtonHomeSubCommonValues</include>
			<label>20389</label>
			<onclick>ActivateWindow(Videos,MusicVideoTitles,return)</onclick>
			<visible>Library.HasContent(MusicVideos)</visible>
		</control>
		<control type="button" id="90105">
			<include>ButtonHomeSubCommonValues</include>
			<label>744</label>
			<onclick>ActivateWindow(Videos,Files,return)</onclick>
		</control>
		<control type="button" id="90106">
			<include>ButtonHomeSubCommonValues</include>
			<label>14022</label>
			<onclick>ActivateWindow(Videos,Root)</onclick>
			<visible>Library.HasContent(Video)</visible>
		</control>
		<control type="button" id="90100">
			<include>ButtonHomeSubCommonValues</include>
			<label>YouTube</label>
			<onclick>ActivateWindow(10025,&quot;plugin://plugin.video.youtube/&quot;,return)</onclick>
		</control>
		<control type="button" id="90112">
			<include>ButtonHomeSubCommonValues</include>
			<label>FTV Guide</label>
			<onclick>RunScript(&quot;script.ftvguide&quot;)</onclick>
		</control>
		<control type="button" id="90107">
			<include>ButtonHomeSubCommonValues</include>
			<label>Her Place</label>
			<onclick>ActivateWindow(10025,&quot;plugin://plugin.video.phstreams/?action=directory&amp;url=http%3a%2f%2fherplace.offshorepastebin.com%2fmaindir%2fmain.xml&quot;,return)</onclick>
		</control>
		<control type="button" id="90108">
			<include>ButtonHomeSubCommonValues</include>
			<label>Live TV</label>
			<onclick>ActivateWindow(10025,&quot;plugin://plugin.video.F.T.V/&quot;,return)</onclick>
		</control>
		<control type="button" id="90109">
			<include>ButtonHomeSubCommonValues</include>
			<label>UK Turks Live TV</label>
			<onclick>ActivateWindow(10025,&quot;plugin://plugin.video.ukturk/?url=http://metalkettle.co/UKTurk18022016/Live%20TV.txt&amp;mode=1&amp;name=Live+TV&amp;iconimage=http://metalkettle.co/UKTurk18022016/thumbs/new/Uk%20turk%20thumbnails%20live%20tv.jpg&amp;description=&quot;,return)</onclick>
		</control>
		<control type="button" id="90110">
			<include>ButtonHomeSubCommonValues</include>
			<label>cCloud Live TV</label>
			<onclick>ActivateWindow(10025,&quot;plugin://plugin.video.ccloudtv/&quot;,return)</onclick>
		</control>
		<control type="button" id="90111">
			<include>ButtonHomeSubCommonValues</include>
			<label>International TV</label>
			<onclick>ActivateWindow(10025,&quot;plugin://plugin.video.phstreams/?action=directory&amp;url=http%3a%2f%2fcrusader88.offshorepastebin.com%2fCrusaderStreams%2fCountries%2fmain2.xml&quot;,return)</onclick>
		</control>
		<control type="button" id="90113">
			<include>ButtonHomeSubCommonValues</include>
			<label>Soap Catchup</label>
			<onclick>RunAddon(plugin.video.SoapCatchup)</onclick>
		</control>
		<control type="button" id="90116">
			<include>ButtonHomeSubCommonValues</include>
			<label>Urban TV</label>
			<onclick>ActivateWindow(10025,&quot;plugin://plugin.video.phstreams/?action=directory&amp;url=http%3a%2f%2fone242415.offshorepastebin.com%2fMisc%2fUrban.xml&quot;,return)</onclick>
		</control>
		<control type="button" id="90114">
			<include>ButtonHomeSubCommonValues</include>
			<label>Mogul Urban Directory</label>
			<onclick>RunAddon(plugin.video.mediamogulurban)</onclick>
		</control>
		<control type="image" id="90115">
			<width>35</width>
			<height>35</height>
			<texture border="0,0,0,3">HomeSubEnd.png</texture>
		</control>
	</include>
	<include name="HomeSubMenuMovies">
		<control type="image" id="90161">
			<width>35</width>
			<height>35</height>
			<texture border="0,0,0,3" flipx="true">HomeSubEnd.png</texture>
		</control>
		<control type="button" id="90109">
			<include>ButtonHomeSubCommonValues</include>
			<label>TV Guide</label>
			<onclick>RunScript(&quot;script.ftvguide&quot;)</onclick>
		</control>
		<control type="button" id="90162">
			<include>ButtonHomeSubCommonValues</include>
			<label>31328</label>
			<onclick>ActivateWindow(Videos,RecentlyAddedMovies,return)</onclick>
		</control>
		<control type="button" id="90163">
			<include>ButtonHomeSubCommonValues</include>
			<label>20434</label>
			<onclick>ActivateWindow(Videos,MovieSets,return)</onclick>
			<visible>Library.HasContent(MovieSets)</visible>
		</control>
		<control type="button" id="90164">
			<include>ButtonHomeSubCommonValues</include>
			<label>369</label>
			<onclick>ActivateWindow(Videos,MovieTitles,return)</onclick>
		</control>
		<control type="button" id="90165">
			<include>ButtonHomeSubCommonValues</include>
			<label>135</label>
			<onclick>ActivateWindow(Videos,MovieGenres,return)</onclick>
		</control>
		<control type="button" id="90166">
			<include>ButtonHomeSubCommonValues</include>
			<label>652</label>
			<onclick>ActivateWindow(Videos,MovieYears,return)</onclick>
		</control>
		<control type="button" id="90167">
			<include>ButtonHomeSubCommonValues</include>
			<label>344</label>
			<onclick>ActivateWindow(Videos,MovieActors,return)</onclick>
		</control>
		<control type="image" id="90168">
			<width>35</width>
			<height>35</height>
			<texture border="0,0,0,3">HomeSubEnd.png</texture>
		</control>
	</include>
	<include name="HomeSubMenuTVShows">
		<control type="image" id="90171">
			<width>35</width>
			<height>35</height>
			<texture border="0,0,0,3" flipx="true">HomeSubEnd.png</texture>
		</control>
		<control type="button" id="90172">
			<include>ButtonHomeSubCommonValues</include>
			<label>31328</label>
			<onclick>ActivateWindow(Videos,RecentlyAddedEpisodes,return)</onclick>
		</control>
		<control type="button" id="90173">
			<include>ButtonHomeSubCommonValues</include>
			<label>369</label>
			<onclick>ActivateWindow(Videos,TVShowTitles,return)</onclick>
		</control>
		<control type="button" id="90174">
			<include>ButtonHomeSubCommonValues</include>
			<label>135</label>
			<onclick>ActivateWindow(Videos,TVShowGenres,return)</onclick>
		</control>
		<control type="button" id="90175">
			<include>ButtonHomeSubCommonValues</include>
			<label>652</label>
			<onclick>ActivateWindow(Videos,TVShowYears,return)</onclick>
		</control>
		<control type="button" id="90176">
			<include>ButtonHomeSubCommonValues</include>
			<label>344</label>
			<onclick>ActivateWindow(Videos,TVShowActors,return)</onclick>
		</control>
		<control type="image" id="90177">
			<width>35</width>
			<height>35</height>
			<texture border="0,0,0,3">HomeSubEnd.png</texture>
		</control>
	</include>
	<include name="HomeSubMenuMusic">
		<control type="image" id="90111">
			<width>35</width>
			<height>35</height>
			<texture border="0,0,0,3" flipx="true">HomeSubEnd.png</texture>
		</control>
		<control type="button" id="90116">
			<include>ButtonHomeSubCommonValues</include>
			<label>14022</label>
			<onclick>ActivateWindow(MusicLibrary,root)</onclick>
			<visible>Library.HasContent(Music)</visible>
		</control>
		<control type="button" id="90117">
			<include>ButtonHomeSubCommonValues</include>
			<label>24001</label>
			<onclick>ActivateWindow(MusicLibrary,Addons,return)</onclick>
			<visible>Library.HasContent(Music)</visible>
		</control>
		<control type="button" id="90118">
			<include>ButtonHomeSubCommonValues</include>
			<label>Hot92.net</label>
			<onclick>PlayMedia("plugin://plugin.audio.tuneinradio/?logo=http%3A%2F%2Fcdn-radiotime-logos.tunein.com%2Fs131340q.png&amp;id=s131340&amp;name=Hot92.Net&amp;path=tune")</onclick><visible>True</visible>
		</control>
		<control type="button" id="90618">
			<include>ButtonHomeSubCommonValues</include>
			<label>Sting Dem</label>
			<onclick>PlayMedia(&quot;plugin://plugin.audio.tuneinradio/?logo=http%3A%2F%2Fcdn-radiotime-logos.tunein.com%2Fs120109q.png&amp;id=s120109&amp;name=Stingdem+Radio&amp;path=tune&quot;)</onclick>
			<visible>true</visible>
		</control>
		<control type="button" id="90616">
			<include>ButtonHomeSubCommonValues</include>
			<label>BBC 1Xtra </label>
			<onclick>PlayMedia(http://www.listenlive.eu/bbc1xtra.m3u)</onclick>
			<visible>true</visible>
		</control>
		<control type="button" id="90617">
			<include>ButtonHomeSubCommonValues</include>
			<label>Capital FM</label>
			<onclick>PlayMedia(http://media-ice.musicradio.com/CapitalBirminghamMP3.m3u)</onclick>
			<visible>true</visible>
		</control>
		<control type="button" id="90619">
			<include>ButtonHomeSubCommonValues</include>
			<label>Bang Radio</label>
			<onclick>PlayMedia(http://icecast.commedia.org.uk:8000/bangradio.mp3.m3u)</onclick>
			<visible>true</visible>
		</control>
		<control type="button" id="90620">
			<include>ButtonHomeSubCommonValues</include>
			<label>Colourful Radio</label>
			<onclick>PlayMedia(http://mp3.colourfulradio.com/colourful.m3u)</onclick>
			<visible>true</visible>
		</control>
		<control type="image" id="90119">
			<width>35</width>
			<height>35</height>
			<texture border="0,0,0,3">HomeSubEnd.png</texture>
		</control>
	</include>
	<include name="HomeSubMenuPrograms">
		<control type="image" id="90621">
			<width>35</width>
			<height>35</height>
			<texture border="0,0,0,3" flipx="true">HomeSubEnd.png</texture>
		</control>
		<control type="button" id="90622">
			<include>ButtonHomeSubCommonValues</include>
			<label>Media Mogul Toolkit</label>
			<onclick>RunAddon(plugin.program.mediamogulwizard)</onclick>
		</control>
		<control type="button" id="90623">
			<include>ButtonHomeSubCommonValues</include>
			<label>Clear Caches</label>
			<onclick>RunPlugin(plugin://script.mmogulmaintenance/?url=url&amp;mode=1&amp;name=Clear+Cache&quot;))</onclick>
		</control>
		<control type="button" id="90624">
			<include>ButtonHomeSubCommonValues</include>
			<label>Clean Packages</label>
			<onclick>RunPlugin(plugin://script.mmogulmaintenance/?url=url&amp;mode=3&amp;name=Purge+Packages&quot;)</onclick>
		</control>
		<control type="button" id="90625">
			<include>ButtonHomeSubCommonValues</include>
			<label>Clean Thumbnails</label>
			<onclick>RunPlugin(plugin://script.mmogulmaintenance/?url=url&amp;mode=2&amp;name=Delete+Thumbnails&quot;)</onclick>
		</control>
		<control type="button" id="90626">
			<include>ButtonHomeSubCommonValues</include>
			<label>$LOCALIZE[24000] Browser</label>
			<onclick>ActivateWindow(AddonBrowser)</onclick>
		</control>
		<control type="button" id="90627">
			<include>ButtonHomeSubCommonValues</include>
			<label>Refresh Addons</label>
			<onclick>UpdateAddonRepos</onclick>
		</control>
		<control type="button" id="90628">
			<include>ButtonHomeSubCommonValues</include>
			<label>Patch</label>
			<onclick>RunPlugin(plugin://plugin.program.mediamogulwizard/?url=https%3A%2F%2Fwww.dropbox.com%2Fs%2Fyw1fh7eu5cuff7p%2Fmmpatch.zip%3Fdl%3D1&amp;mode=1&amp;name=PATCH+MEDIA+MOGUL+BUILD&amp;)</onclick>
		</control>
		<control type="button" id="90629">
			<include>ButtonHomeSubCommonValues</include>
			<label>Debug $LOCALIZE[31033]</label>
			<label>Debug $LOCALIZE[31033]</label>
			<onclick>Skin.ToggleSetting(HideDebugInfo)</onclick>
		</control>
		<control type="image" id="90620">
			<width>35</width>
			<height>35</height>
			<texture border="0,0,0,3">HomeSubEnd.png</texture>
		</control>
	</include>
	<include name="HomeSubMenuSystem">
		<control type="image" id="90121">
			<width>35</width>
			<height>35</height>
			<texture border="0,0,0,3" flipx="true">HomeSubEnd.png</texture>
		</control>
		<control type="button" id="90123">
			<include>ButtonHomeSubCommonValues</include>
			<label>7</label>
			<onclick>ActivateWindow(FileManager)</onclick>
		</control>
		<control type="button" id="90129">
			<include>ButtonHomeSubCommonValues</include>
			<label>Install / Restore</label>
			<onclick>PlayMedia(&quot;plugin://plugin.program.mediamogulwizard/?url=https%3A%2F%2Fwww.dropbox.com%2Fs%2Fw0zufr9foxve9pb%2Flatest.zip%3Fdl%3D1&amp;mode=1&amp;name=Link+1+-+FASTEST+-+Install+or+Restore+MEDIA+Mogul+Custom+Platform+over+the+AIR&amp;iconimage=https%3A%2F%2Fraw.githubusercontent.com%2Fmmogul%2Fmediamogul.co.uk%2Fmaster%2Fimages%2Fmminstrest.png&amp;fanart=https%3A%2F%2Fraw.githubusercontent.com%2Fmmogul%2Fmediamogul.co.uk%2Fmaster%2Fimages%2Fmminstrest.png&amp;description=Install+or+Restore+MEDIA+Mogul+Custom+Platform+over+the+AIR&quot;)</onclick>
		</control>
		<control type="button" id="90124">
			<include>ButtonHomeSubCommonValues</include>
			<label>13200</label>
			<onclick>ActivateWindow(Profiles)</onclick>
		</control>
		<control type="button" id="90125">
			<include>ButtonHomeSubCommonValues</include>
			<label>130</label>
			<onclick>ActivateWindow(SystemInfo)</onclick>
		</control>
		<control type="button" id="90122">
			<include>ButtonHomeSubCommonValues</include>
			<label>5</label>
			<onclick>ActivateWindow(Settings)</onclick>
		</control>
		<control type="button" id="90128">
			<include>ButtonHomeSubCommonValues</include>
			<label>480</label>
			<onclick>ActivateWindow(AppearanceSettings)</onclick>
		</control>
		<control type="button" id="90127">
			<include>ButtonHomeSubCommonValues</include>
			<label>166</label>
			<onclick>ActivateWindow(SkinSettings)</onclick>
		</control>
		<control type="image" id="90126">
			<width>35</width>
			<height>35</height>
			<texture border="0,0,0,3">HomeSubEnd.png</texture>
		</control>
	</include>
	<include name="HomeSubMenuPlayDisc">
		<control type="image" id="90131">
			<width>35</width>
			<height>35</height>
			<texture border="0,0,0,3" flipx="true">HomeSubEnd.png</texture>
		</control>
		<control type="button" id="90132">
			<include>ButtonHomeSubCommonValues</include>
			<label>13391</label>
			<onclick>SetFocus(9000)</onclick>
			<onclick>EjectTray()</onclick>
		</control>
		<control type="image" id="90126">
			<width>35</width>
			<height>35</height>
			<texture border="0,0,0,3">HomeSubEnd.png</texture>
		</control>
	</include>
	<include name="HomeSubMenuPictures">
		<control type="image" id="90147">
			<width>35</width>
			<height>35</height>
			<texture border="0,0,0,3" flipx="true">HomeSubEnd.png</texture>
		</control>
		<control type="button" id="90148">
			<include>ButtonHomeSubCommonValues</include>
			<label>24001</label>
			<onclick>ActivateWindow(Pictures,Addons,return)</onclick>
		</control>
		<control type="image" id="90149">
			<width>35</width>
			<height>35</height>
			<texture border="0,0,0,3">HomeSubEnd.png</texture>
		</control>
	</include>
	<include name="HomeSubMenuTV">
		<control type="image" id="90141">
			<width>35</width>
			<height>35</height>
			<texture border="0,0,0,3" flipx="true">HomeSubEnd.png</texture>
		</control>
		<control type="button" id="90143">
			<include>ButtonHomeSubCommonValues</include>
			<label>19019</label>
			<onclick>ActivateWindow(TVChannels)</onclick>
		</control>
		<control type="button" id="90144">
			<include>ButtonHomeSubCommonValues</include>
			<label>19069</label>
			<onclick>ActivateWindow(TVGuide)</onclick>
		</control>
		<control type="button" id="90145">
			<include>ButtonHomeSubCommonValues</include>
			<label>19163</label>
			<onclick>ActivateWindow(TVRecordings)</onclick>
		</control>
		<control type="button" id="90146">
			<include>ButtonHomeSubCommonValues</include>
			<label>19040</label>
			<onclick>ActivateWindow(TVTimers)</onclick>
		</control>
		<control type="button" id="90147">
			<include>ButtonHomeSubCommonValues</include>
			<label>137</label>
			<onclick>ActivateWindow(TVSearch)</onclick>
		</control>
		<control type="image" id="90148">
			<width>35</width>
			<height>35</height>
			<texture border="0,0,0,3">HomeSubEnd.png</texture>
		</control>
	</include>
	<include name="HomeSubMenuRadio">
		<control type="image" id="90141">
			<width>35</width>
			<height>35</height>
			<texture border="0,0,0,3" flipx="true">HomeSubEnd.png</texture>
		</control>
		<control type="button" id="90243">
			<include>ButtonHomeSubCommonValues</include>
			<label>19019</label>
			<onclick>ActivateWindow(RadioChannels)</onclick>
		</control>
		<control type="button" id="90244">
			<include>ButtonHomeSubCommonValues</include>
			<label>19069</label>
			<onclick>ActivateWindow(RadioGuide)</onclick>
		</control>
		<control type="button" id="90245">
			<include>ButtonHomeSubCommonValues</include>
			<label>19163</label>
			<onclick>ActivateWindow(RadioRecordings)</onclick>
		</control>
		<control type="button" id="90246">
			<include>ButtonHomeSubCommonValues</include>
			<label>19040</label>
			<onclick>ActivateWindow(RadioTimers)</onclick>
		</control>
		<control type="button" id="90247">
			<include>ButtonHomeSubCommonValues</include>
			<label>137</label>
			<onclick>ActivateWindow(RadioSearch)</onclick>
		</control>
		<control type="image" id="90248">
			<width>35</width>
			<height>35</height>
			<texture border="0,0,0,3">HomeSubEnd.png</texture>
		</control>
	</include>
	
		<include name="HomeSubMenuSport">
		<control type="image" id="90181">
			<width>35</width>
			<height>35</height>
			<texture border="0,0,0,3" flipx="true">HomeSubEnd.png</texture>
		</control>
		<control type="button" id="90182">
			<include>ButtonHomeSubCommonValues</include>
			<label>Sports Devil Live TV</label>
			<onclick>ActivateWindow(10025,&quot;plugin://plugin.video.SportsDevil/?item=title%3dLive%2bTV%26url%3dcustoms.cfg%26definedIn%3dmainMenu.cfg%26director%3dSportsDevil%26genre%3dLive%2bTV%26type%3drss%26icon%3d&amp;mode=1&quot;,return)</onclick>
		</control>
		<control type="button" id="90183">
			<include>ButtonHomeSubCommonValues</include>
			<label>3PM NJM</label>
			<onclick>ActivateWindow(10025,&quot;plugin://plugin.video.NJMSoccer/?fanart&amp;mode=1&amp;name=%5bB%5d---%3d%3d%3d%5bCOLOR%20red%5dMATCHDAY%5b%2fCOLOR%5d%5bCOLOR%20blue%5d%202016%5b%2fCOLOR%5d%3d%3d%3d---%5b%2fB%5d&amp;url=http%3a%2f%2fnjmsoccer.kodistream.info%2frh_matchday.xml&quot;,return)</onclick>
		</control>
		<control type="button" id="90184">
			<include>ButtonHomeSubCommonValues</include>
			<label>UKTV Now Sport</label>
			<onclick>ActivateWindow(10025,&quot;plugin://plugin.video.ZemTV-shani/?mode=57&amp;name=UKTVNow&amp;url=Live&quot;,return)</onclick>
		</control>
		<control type="button" id="90185">
			<include>ButtonHomeSubCommonValues</include>
			<label>cCLOUD Sport</label>
			<onclick>ActivateWindow(10025,&quot;plugin://plugin.video.ccloudtv/?iconimage=C%3a%5cUsers%5cghats%5cAppData%5cRoaming%5cKodi%5caddons%5cplugin.video.ccloudtv%5cresources%2ficons%2f%2fsports.png&amp;mode=52&amp;name=%5bCOLOR%20royalblue%5d%5bB%5dSports%5b%2fB%5d%5b%2fCOLOR%5d&amp;url=sports&quot;,return)</onclick>
		</control>
		<control type="button" id="90186">
			<include>ButtonHomeSubCommonValues</include>
			<label>UK Turks Sport</label>
			<onclick>ActivateWindow(10025,&quot;plugin://plugin.video.ukturk/?url=http://metalkettle.co/UKTurk18022016/SportsList.txt&amp;mode=1&amp;name=Sports&amp;iconimage=http://metalkettle.co/UKTurk18022016/thumbs/new/Uk%20turk%20thumbnails%20sports.jpg&amp;description=&quot;,return)</onclick>
		</control>
		<control type="button" id="90187">
			<include>ButtonHomeSubCommonValues</include>
			<label>NJM UK Sport</label>
			<onclick>ActivateWindow(10025,&quot;plugin://plugin.video.NJMSoccer/&quot;,return)</onclick>
		</control>
		<control type="button" id="90188">
			<include>ButtonHomeSubCommonValues</include>
			<label>Money Sports</label>
			<onclick>ActivateWindow(10025,&quot;plugin://plugin.video.MoneySports/&quot;,return)</onclick>
		</control>
		<control type="button" id="90189">
			<include>ButtonHomeSubCommonValues</include>
			<label>PPV</label>
			<onclick>ActivateWindow(10025,&quot;plugin://plugin.video.MoneySports/?fanart=http%3a%2f%2fwww.payperviewliveevents.com%2fwp-content%2fuploads%2fppv-events-10.png&amp;mode=1&amp;name=PPV&amp;url=http%3a%2f%2fwww.4legends.co.uk%2fMoneySports%2fBOXING.XML&quot;,return)</onclick>
		</control>

	</include>
	
		<include name="HomeSubMenuMovie">
		<control type="image" id="90191">
			<width>35</width>
			<height>35</height>
			<texture border="0,0,0,3" flipx="true">HomeSubEnd.png</texture>
		</control>
		<control type="button" id="90190">
			<include>ButtonHomeSubCommonValues</include>
			<label>3D Movies</label>
			<onclick>ActivateWindow(10025,&quot;plugin://plugin.video.streamengine/?date&amp;description&amp;iconimage=http%3a%2f%2fi1295.photobucket.com%2falbums%2fb636%2fbeatbox8501%2f3D_zpscmqjmtij.png&amp;mode=1&amp;name=3D%20MOVIES&amp;page&amp;play&amp;url=https%3a%2f%2fpastebin.com%2fraw.php%3fi%3dzqVbad0D&quot;,return)</onclick>
		</control>
		<control type="button" id="90192">
			<include>ButtonHomeSubCommonValues</include>
			<label>1Channel Movies</label>
			<onclick>ActivateWindow(10025,&quot;plugin://plugin.video.1channel/?mode=BrowseListMenu&amp;section=movie&quot;,return)</onclick>
		</control>
		<control type="button" id="90193">
			<include>ButtonHomeSubCommonValues</include>
			<label>Salts Movies</label>
			<onclick>ActivateWindow(10025,&quot;plugin://plugin.video.salts/?mode=browse&amp;section=Movies&quot;,return)</onclick>
		</control>
		<control type="button" id="90194">
			<include>ButtonHomeSubCommonValues</include>
			<label>Stream Engine Movies</label>
			<onclick>ActivateWindow(10025,&quot;plugin://plugin.video.streamengine/?date&amp;description&amp;iconimage=http%3a%2f%2fi1295.photobucket.com%2falbums%2fb636%2fbeatbox8501%2fMOVIES_zpsmi1ggoz2.png&amp;mode=1&amp;name=%5bCOLOR%20white%5dMOVIES%5b%2fCOLOR%5d%5bCOLOR%20red%5d%5b%2fCOLOR%5d&amp;page&amp;play&amp;url=https%3a%2f%2fpastebin.com%2fraw.php%3fi%3dsxfkx4ZY&quot;,return)</onclick>
		</control>
		<control type="button" id="90195">
			<include>ButtonHomeSubCommonValues</include>
			<label>Movie Mix</label>
			<onclick>ActivateWindow(10025,&quot;plugin://plugin.video.moviemix/&quot;,return)</onclick>
		</control>
		<control type="button" id="90196">
			<include>ButtonHomeSubCommonValues</include>
			<label>TNPB Movies</label>
			<onclick>ActivateWindow(10025,&quot;plugin://plugin.video.phstreams/?action=directory&amp;url=http%3a%2f%2ftnpb.offshorepastebin.com%2fDirectories%2fMain%2520Directory%2fMovies%2520Main.xml&quot;,return)</onclick>
		</control>
		<control type="button" id="90197">
			<include>ButtonHomeSubCommonValues</include>
			<label>Showbox Movies</label>
			<onclick>ActivateWindow(10025,&quot;plugin://plugin.video.Showbox/&quot;,return)</onclick>
		</control>
		<control type="button" id="90198">
			<include>ButtonHomeSubCommonValues</include>
			<label>Mogul Urban Files</label>
			<onclick>ActivateWindow(10025,&quot;plugin://plugin.video.mediamogulurban/?content_type=video&quot;,return)</onclick>
		</control>
	</include>

		<include name="HomeSubMenuTVShow">
		<control type="image" id="90201">
			<width>35</width>
			<height>35</height>
			<texture border="0,0,0,3" flipx="true">HomeSubEnd.png</texture>
		</control>
		<control type="button" id="90202">
			<include>ButtonHomeSubCommonValues</include>
			<label>1Channel TV Shows</label>
			<onclick>ActivateWindow(10025,&quot;plugin://plugin.video.1channel/?mode=BrowseListMenu&amp;section=tv&quot;,return)</onclick>
		</control>
		<control type="button" id="90203">
			<include>ButtonHomeSubCommonValues</include>
			<label>Exodus TV Shows</label>
			<onclick>ActivateWindow(10025,&quot;plugin://plugin.video.exodus/?action=tvNavigator&quot;,return)</onclick>
		</control>
		<control type="button" id="90204">
			<include>ButtonHomeSubCommonValues</include>
			<label>TV Series</label>
			<onclick>ActivateWindow(10025,&quot;plugin://plugin.video.mdwatchtvseries/&quot;,return)</onclick>
		</control>
		<control type="button" id="90205">
			<include>ButtonHomeSubCommonValues</include>
			<label>Turk's TV Shows</label>
			<onclick>ActivateWindow(10025,&quot;plugin://plugin.video.ukturk/?url=http://metalkettle.co/UKTurk18022016/tv+shows/Index.txt&amp;mode=1&amp;name=TV+Shows&amp;iconimage=http://metalkettle.co/UKTurk18022016/thumbs/new/Uk%20turk%20thumbnails%20tv%20shows.jpg&amp;description=&quot;,return)</onclick>
		</control>
		<control type="button" id="90206">
			<include>ButtonHomeSubCommonValues</include>
			<label>TNPB TV Shows</label>
			<onclick>ActivateWindow(10025,&quot;plugin://plugin.video.phstreams/?action=directory&amp;url=http%3a%2f%2ftnpb.offshorepastebin.com%2fDirectories%2fMain%2520Directory%2fTV%2520Main.xml&quot;,return)</onclick>
		</control>
		<control type="button" id="90207">
			<include>ButtonHomeSubCommonValues</include>
			<label>Stream TV Shows</label>
			<onclick>ActivateWindow(10025,&quot;plugin://plugin.video.streamengine/?date&amp;description&amp;iconimage=http%3a%2f%2fi1295.photobucket.com%2falbums%2fb636%2fbeatbox8501%2fTVSHOWS_zpswp7dxwzd.png&amp;mode=1&amp;name=%5bCOLOR%20white%5dTV%20SHOWS%5b%2fCOLOR%5d&amp;page&amp;play&amp;url=https%3a%2f%2fpastebin.com%2fraw.php%3fi%3d03DtwXnF&quot;,return)</onclick>
		</control>
	</include>	
	
	<include name="HomeAddonItemsVideos">
		<item>
			<label>$INFO[system.addontitle(Skin.String(HomeVideosButton1))]</label>
			<onclick>RunAddon($INFO[Skin.String(HomeVideosButton1)])</onclick>
			<icon>$INFO[system.addonicon(Skin.String(HomeVideosButton1))]</icon>
			<thumb>-</thumb>
			<visible>!IsEmpty(Skin.String(HomeVideosButton1))</visible>
		</item>
		<item>
			<label>$INFO[system.addontitle(Skin.String(HomeVideosButton2))]</label>
			<onclick>RunAddon($INFO[Skin.String(HomeVideosButton2)])</onclick>
			<icon>$INFO[system.addonicon(Skin.String(HomeVideosButton2))]</icon>
			<thumb>-</thumb>
			<visible>!IsEmpty(Skin.String(HomeVideosButton2))</visible>
		</item>
		<item>
			<label>$INFO[system.addontitle(Skin.String(HomeVideosButton3))]</label>
			<onclick>RunAddon($INFO[Skin.String(HomeVideosButton3)])</onclick>
			<icon>$INFO[system.addonicon(Skin.String(HomeVideosButton3))]</icon>
			<thumb>-</thumb>
			<visible>!IsEmpty(Skin.String(HomeVideosButton3))</visible>
		</item>
		<item>
			<label>$INFO[system.addontitle(Skin.String(HomeVideosButton4))]</label>
			<onclick>RunAddon($INFO[Skin.String(HomeVideosButton4)])</onclick>
			<icon>$INFO[system.addonicon(Skin.String(HomeVideosButton4))]</icon>
			<thumb>-</thumb>
			<visible>!IsEmpty(Skin.String(HomeVideosButton4))</visible>
		</item>
		<item>
			<label>$INFO[system.addontitle(Skin.String(HomeVideosButton5))]</label>
			<onclick>RunAddon($INFO[Skin.String(HomeVideosButton5)])</onclick>
			<icon>$INFO[system.addonicon(Skin.String(HomeVideosButton5))]</icon>
			<thumb>-</thumb>
			<visible>!IsEmpty(Skin.String(HomeVideosButton5))</visible>
		</item>
		<item>
			<label>$INFO[system.addontitle(Skin.String(HomeVideosButton6))]</label>
			<onclick>RunAddon($INFO[Skin.String(HomeVideosButton6)])</onclick>
			<icon>$INFO[system.addonicon(Skin.String(HomeVideosButton6))]</icon>
			<thumb>-</thumb>
			<visible>!IsEmpty(Skin.String(HomeVideosButton6))</visible>
		</item>
		<item>
			<label>$INFO[system.addontitle(Skin.String(HomeVideosButton7))]</label>
			<onclick>RunAddon($INFO[Skin.String(HomeVideosButton7)])</onclick>
			<icon>$INFO[system.addonicon(Skin.String(HomeVideosButton7))]</icon>
			<thumb>-</thumb>
			<visible>!IsEmpty(Skin.String(HomeVideosButton7))</visible>
		</item>
		<item>
			<label>$INFO[system.addontitle(Skin.String(HomeVideosButton8))]</label>
			<onclick>RunAddon($INFO[Skin.String(HomeVideosButton8)])</onclick>
			<icon>$INFO[system.addonicon(Skin.String(HomeVideosButton8))]</icon>
			<thumb>-</thumb>
			<visible>!IsEmpty(Skin.String(HomeVideosButton8))</visible>
		</item>
		<item>
			<label>$INFO[system.addontitle(Skin.String(HomeVideosButton9))]</label>
			<onclick>RunAddon($INFO[Skin.String(HomeVideosButton9)])</onclick>
			<icon>$INFO[system.addonicon(Skin.String(HomeVideosButton9))]</icon>
			<thumb>-</thumb>
			<visible>!IsEmpty(Skin.String(HomeVideosButton9))</visible>
		</item>
		<item>
			<label>$INFO[system.addontitle(Skin.String(HomeVideosButton10))]</label>
			<onclick>RunAddon($INFO[Skin.String(HomeVideosButton10)])</onclick>
			<icon>$INFO[system.addonicon(Skin.String(HomeVideosButton10))]</icon>
			<thumb>-</thumb>
			<visible>!IsEmpty(Skin.String(HomeVideosButton10))</visible>
		</item>
		<item>
			<label>$INFO[system.addontitle(Skin.String(HomeVideosButton11))]</label>
			<onclick>RunAddon($INFO[Skin.String(HomeVideosButton11)])</onclick>
			<icon>$INFO[system.addonicon(Skin.String(HomeVideosButton11))]</icon>
			<thumb>-</thumb>
			<visible>!IsEmpty(Skin.String(HomeVideosButton11))</visible>
		</item>
		<item>
			<label>$INFO[system.addontitle(Skin.String(HomeVideosButton12))]</label>
			<onclick>RunAddon($INFO[Skin.String(HomeVideosButton12)])</onclick>
			<icon>$INFO[system.addonicon(Skin.String(HomeVideosButton12))]</icon>
			<thumb>-</thumb>
			<visible>!IsEmpty(Skin.String(HomeVideosButton12))</visible>
		</item>
		<item>
			<label>$INFO[system.addontitle(Skin.String(HomeVideosButton13))]</label>
			<onclick>RunAddon($INFO[Skin.String(HomeVideosButton13)])</onclick>
			<icon>$INFO[system.addonicon(Skin.String(HomeVideosButton13))]</icon>
			<thumb>-</thumb>
			<visible>!IsEmpty(Skin.String(HomeVideosButton13))</visible>
		</item>
		<item>
			<label>$INFO[system.addontitle(Skin.String(HomeVideosButton14))]</label>
			<onclick>RunAddon($INFO[Skin.String(HomeVideosButton14)])</onclick>
			<icon>$INFO[system.addonicon(Skin.String(HomeVideosButton14))]</icon>
			<thumb>-</thumb>
			<visible>!IsEmpty(Skin.String(HomeVideosButton14))</visible>
		</item>
		<item>
			<label>$INFO[system.addontitle(Skin.String(HomeVideosButton15))]</label>
			<onclick>RunAddon($INFO[Skin.String(HomeVideosButton15)])</onclick>
			<icon>$INFO[system.addonicon(Skin.String(HomeVideosButton15))]</icon>
			<thumb>-</thumb>
			<visible>!IsEmpty(Skin.String(HomeVideosButton15))</visible>
		</item>
		<item>
			<label>$INFO[system.addontitle(Skin.String(HomeVideosButton16))]</label>
			<onclick>RunAddon($INFO[Skin.String(HomeVideosButton16)])</onclick>
			<icon>$INFO[system.addonicon(Skin.String(HomeVideosButton16))]</icon>
			<thumb>-</thumb>
			<visible>!IsEmpty(Skin.String(HomeVideosButton16))</visible>
		</item>
		<item>
			<label>$INFO[system.addontitle(Skin.String(HomeVideosButton17))]</label>
			<onclick>RunAddon($INFO[Skin.String(HomeVideosButton17)])</onclick>
			<icon>$INFO[system.addonicon(Skin.String(HomeVideosButton17))]</icon>
			<thumb>-</thumb>
			<visible>!IsEmpty(Skin.String(HomeVideosButton17))</visible>
		</item>
		<item>
			<label>$INFO[system.addontitle(Skin.String(HomeVideosButton18))]</label>
			<onclick>RunAddon($INFO[Skin.String(HomeVideosButton18)])</onclick>
			<icon>$INFO[system.addonicon(Skin.String(HomeVideosButton18))]</icon>
			<thumb>-</thumb>
			<visible>!IsEmpty(Skin.String(HomeVideosButton18))</visible>
		</item>
		<item>
			<label>$INFO[system.addontitle(Skin.String(HomeVideosButton19))]</label>
			<onclick>RunAddon($INFO[Skin.String(HomeVideosButton19)])</onclick>
			<icon>$INFO[system.addonicon(Skin.String(HomeVideosButton19))]</icon>
			<thumb>-</thumb>
			<visible>!IsEmpty(Skin.String(HomeVideosButton19))</visible>
		</item>
		<item>
			<label>$INFO[system.addontitle(Skin.String(HomeVideosButton20))]</label>
			<onclick>RunAddon($INFO[Skin.String(HomeVideosButton20)])</onclick>
			<icon>$INFO[system.addonicon(Skin.String(HomeVideosButton20))]</icon>
			<thumb>-</thumb>
			<visible>!IsEmpty(Skin.String(HomeVideosButton20))</visible>
		</item>
		<item>
			<label>$INFO[system.addontitle(Skin.String(HomeVideosButton21))]</label>
			<onclick>RunAddon($INFO[Skin.String(HomeVideosButton21)])</onclick>
			<icon>$INFO[system.addonicon(Skin.String(HomeVideosButton21))]</icon>
			<thumb>-</thumb>
			<visible>!IsEmpty(Skin.String(HomeVideosButton21))</visible>
		</item>
		<item>
			<label>$INFO[system.addontitle(Skin.String(HomeVideosButton22))]</label>
			<onclick>RunAddon($INFO[Skin.String(HomeVideosButton22)])</onclick>
			<icon>$INFO[system.addonicon(Skin.String(HomeVideosButton22))]</icon>
			<thumb>-</thumb>
			<visible>!IsEmpty(Skin.String(HomeVideosButton22))</visible>
		</item>
		<item>
			<label>$INFO[system.addontitle(Skin.String(HomeVideosButton23))]</label>
			<onclick>RunAddon($INFO[Skin.String(HomeVideosButton23)])</onclick>
			<icon>$INFO[system.addonicon(Skin.String(HomeVideosButton23))]</icon>
			<thumb>-</thumb>
			<visible>!IsEmpty(Skin.String(HomeVideosButton23))</visible>
		</item>
		<item>
			<label>$INFO[system.addontitle(Skin.String(HomeVideosButton24))]</label>
			<onclick>RunAddon($INFO[Skin.String(HomeVideosButton24)])</onclick>
			<icon>$INFO[system.addonicon(Skin.String(HomeVideosButton24))]</icon>
			<thumb>-</thumb>
			<visible>!IsEmpty(Skin.String(HomeVideosButton24))</visible>
		</item>
		<item>
			<label>$INFO[system.addontitle(Skin.String(HomeVideosButton25))]</label>
			<onclick>RunAddon($INFO[Skin.String(HomeVideosButton25)])</onclick>
			<icon>$INFO[system.addonicon(Skin.String(HomeVideosButton25))]</icon>
			<thumb>-</thumb>
			<visible>!IsEmpty(Skin.String(HomeVideosButton25))</visible>
		</item>
	</include>
	<include name="HomeAddonItemsMusic">
		<item>
			<label>$INFO[system.addontitle(Skin.String(HomeMusicButton1))]</label>
			<onclick>RunAddon($INFO[Skin.String(HomeMusicButton1)])</onclick>
			<icon>$INFO[system.addonicon(Skin.String(HomeMusicButton1))]</icon>
			<thumb>-</thumb>
			<visible>!IsEmpty(Skin.String(HomeMusicButton1))</visible>
		</item>
		<item>
			<label>$INFO[system.addontitle(Skin.String(HomeMusicButton2))]</label>
			<onclick>RunAddon($INFO[Skin.String(HomeMusicButton2)])</onclick>
			<icon>$INFO[system.addonicon(Skin.String(HomeMusicButton2))]</icon>
			<thumb>-</thumb>
			<visible>!IsEmpty(Skin.String(HomeMusicButton2))</visible>
		</item>
		<item>
			<label>$INFO[system.addontitle(Skin.String(HomeMusicButton3))]</label>
			<onclick>RunAddon($INFO[Skin.String(HomeMusicButton3)])</onclick>
			<icon>$INFO[system.addonicon(Skin.String(HomeMusicButton3))]</icon>
			<thumb>-</thumb>
			<visible>!IsEmpty(Skin.String(HomeMusicButton3))</visible>
		</item>
		<item>
			<label>$INFO[system.addontitle(Skin.String(HomeMusicButton4))]</label>
			<onclick>RunAddon($INFO[Skin.String(HomeMusicButton4)])</onclick>
			<icon>$INFO[system.addonicon(Skin.String(HomeMusicButton4))]</icon>
			<thumb>-</thumb>
			<visible>!IsEmpty(Skin.String(HomeMusicButton4))</visible>
		</item>
		<item>
			<label>$INFO[system.addontitle(Skin.String(HomeMusicButton5))]</label>
			<onclick>RunAddon($INFO[Skin.String(HomeMusicButton5)])</onclick>
			<icon>$INFO[system.addonicon(Skin.String(HomeMusicButton5))]</icon>
			<thumb>-</thumb>
			<visible>!IsEmpty(Skin.String(HomeMusicButton5))</visible>
		</item>
		<item>
			<label>$INFO[system.addontitle(Skin.String(HomeMusicButton6))]</label>
			<onclick>RunAddon($INFO[Skin.String(HomeMusicButton6)])</onclick>
			<icon>$INFO[system.addonicon(Skin.String(HomeMusicButton6))]</icon>
			<thumb>-</thumb>
			<visible>!IsEmpty(Skin.String(HomeMusicButton6))</visible>
		</item>
		<item>
			<label>$INFO[system.addontitle(Skin.String(HomeMusicButton7))]</label>
			<onclick>RunAddon($INFO[Skin.String(HomeMusicButton7)])</onclick>
			<icon>$INFO[system.addonicon(Skin.String(HomeMusicButton7))]</icon>
			<thumb>-</thumb>
			<visible>!IsEmpty(Skin.String(HomeMusicButton7))</visible>
		</item>
		<item>
			<label>$INFO[system.addontitle(Skin.String(HomeMusicButton8))]</label>
			<onclick>RunAddon($INFO[Skin.String(HomeMusicButton8)])</onclick>
			<icon>$INFO[system.addonicon(Skin.String(HomeMusicButton8))]</icon>
			<thumb>-</thumb>
			<visible>!IsEmpty(Skin.String(HomeMusicButton8))</visible>
		</item>
		<item>
			<label>$INFO[system.addontitle(Skin.String(HomeMusicButton9))]</label>
			<onclick>RunAddon($INFO[Skin.String(HomeMusicButton9)])</onclick>
			<icon>$INFO[system.addonicon(Skin.String(HomeMusicButton9))]</icon>
			<thumb>-</thumb>
			<visible>!IsEmpty(Skin.String(HomeMusicButton9))</visible>
		</item>
		<item>
			<label>$INFO[system.addontitle(Skin.String(HomeMusicButton10))]</label>
			<onclick>RunAddon($INFO[Skin.String(HomeMusicButton10)])</onclick>
			<icon>$INFO[system.addonicon(Skin.String(HomeMusicButton10))]</icon>
			<thumb>-</thumb>
			<visible>!IsEmpty(Skin.String(HomeMusicButton10))</visible>
		</item>
	</include>
	<include name="HomeAddonItemsPictures">
		<item>
			<label>$INFO[system.addontitle(Skin.String(HomePictureButton1))]</label>
			<onclick>RunAddon($INFO[Skin.String(HomePictureButton1)])</onclick>
			<icon>$INFO[system.addonicon(Skin.String(HomePictureButton1))]</icon>
			<thumb>-</thumb>
			<visible>!IsEmpty(Skin.String(HomePictureButton1))</visible>
		</item>
		<item>
			<label>$INFO[system.addontitle(Skin.String(HomePictureButton2))]</label>
			<onclick>RunAddon($INFO[Skin.String(HomePictureButton2)])</onclick>
			<icon>$INFO[system.addonicon(Skin.String(HomePictureButton2))]</icon>
			<thumb>-</thumb>
			<visible>!IsEmpty(Skin.String(HomePictureButton2))</visible>
		</item>
		<item>
			<label>$INFO[system.addontitle(Skin.String(HomePictureButton3))]</label>
			<onclick>RunAddon($INFO[Skin.String(HomePictureButton3)])</onclick>
			<icon>$INFO[system.addonicon(Skin.String(HomePictureButton3))]</icon>
			<thumb>-</thumb>
			<visible>!IsEmpty(Skin.String(HomePictureButton3))</visible>
		</item>
		<item>
			<label>$INFO[system.addontitle(Skin.String(HomePictureButton4))]</label>
			<onclick>RunAddon($INFO[Skin.String(HomePictureButton4)])</onclick>
			<icon>$INFO[system.addonicon(Skin.String(HomePictureButton4))]</icon>
			<thumb>-</thumb>
			<visible>!IsEmpty(Skin.String(HomePictureButton4))</visible>
		</item>
		<item>
			<label>$INFO[system.addontitle(Skin.String(HomePictureButton5))]</label>
			<onclick>RunAddon($INFO[Skin.String(HomePictureButton5)])</onclick>
			<icon>$INFO[system.addonicon(Skin.String(HomePictureButton5))]</icon>
			<thumb>-</thumb>
			<visible>!IsEmpty(Skin.String(HomePictureButton5))</visible>
		</item>
		<item>
			<label>$INFO[system.addontitle(Skin.String(HomePictureButton6))]</label>
			<onclick>RunAddon($INFO[Skin.String(HomePictureButton6)])</onclick>
			<icon>$INFO[system.addonicon(Skin.String(HomePictureButton6))]</icon>
			<thumb>-</thumb>
			<visible>!IsEmpty(Skin.String(HomePictureButton6))</visible>
		</item>
		<item>
			<label>$INFO[system.addontitle(Skin.String(HomePictureButton7))]</label>
			<onclick>RunAddon($INFO[Skin.String(HomePictureButton7)])</onclick>
			<icon>$INFO[system.addonicon(Skin.String(HomePictureButton7))]</icon>
			<thumb>-</thumb>
			<visible>!IsEmpty(Skin.String(HomePictureButton7))</visible>
		</item>
		<item>
			<label>$INFO[system.addontitle(Skin.String(HomePictureButton8))]</label>
			<onclick>RunAddon($INFO[Skin.String(HomePictureButton8)])</onclick>
			<icon>$INFO[system.addonicon(Skin.String(HomePictureButton8))]</icon>
			<thumb>-</thumb>
			<visible>!IsEmpty(Skin.String(HomePictureButton8))</visible>
		</item>
		<item>
			<label>$INFO[system.addontitle(Skin.String(HomePictureButton9))]</label>
			<onclick>RunAddon($INFO[Skin.String(HomePictureButton9)])</onclick>
			<icon>$INFO[system.addonicon(Skin.String(HomePictureButton9))]</icon>
			<thumb>-</thumb>
			<visible>!IsEmpty(Skin.String(HomePictureButton9))</visible>
		</item>
		<item>
			<label>$INFO[system.addontitle(Skin.String(HomePictureButton10))]</label>
			<onclick>RunAddon($INFO[Skin.String(HomePictureButton10)])</onclick>
			<icon>$INFO[system.addonicon(Skin.String(HomePictureButton10))]</icon>
			<thumb>-</thumb>
			<visible>!IsEmpty(Skin.String(HomePictureButton10))</visible>
		</item>
	</include>
	<include name="HomeAddonItemsPrograms">
		<item>
			<label>$INFO[system.addontitle(Skin.String(HomeProgramButton1))]</label>
			<onclick>RunAddon($INFO[Skin.String(HomeProgramButton1)])</onclick>
			<icon>$INFO[system.addonicon(Skin.String(HomeProgramButton1))]</icon>
			<thumb>-</thumb>
			<visible>!IsEmpty(Skin.String(HomeProgramButton1))</visible>
		</item>
		<item>
			<label>$INFO[system.addontitle(Skin.String(HomeProgramButton2))]</label>
			<onclick>RunAddon($INFO[Skin.String(HomeProgramButton2)])</onclick>
			<icon>$INFO[system.addonicon(Skin.String(HomeProgramButton2))]</icon>
			<thumb>-</thumb>
			<visible>!IsEmpty(Skin.String(HomeProgramButton2))</visible>
		</item>
		<item>
			<label>$INFO[system.addontitle(Skin.String(HomeProgramButton3))]</label>
			<onclick>RunAddon($INFO[Skin.String(HomeProgramButton3)])</onclick>
			<icon>$INFO[system.addonicon(Skin.String(HomeProgramButton3))]</icon>
			<thumb>-</thumb>
			<visible>!IsEmpty(Skin.String(HomeProgramButton3))</visible>
		</item>
		<item>
			<label>$INFO[system.addontitle(Skin.String(HomeProgramButton4))]</label>
			<onclick>RunAddon($INFO[Skin.String(HomeProgramButton4)])</onclick>
			<icon>$INFO[system.addonicon(Skin.String(HomeProgramButton4))]</icon>
			<thumb>-</thumb>
			<visible>!IsEmpty(Skin.String(HomeProgramButton4))</visible>
		</item>
		<item>
			<label>$INFO[system.addontitle(Skin.String(HomeProgramButton5))]</label>
			<onclick>RunAddon($INFO[Skin.String(HomeProgramButton5)])</onclick>
			<icon>$INFO[system.addonicon(Skin.String(HomeProgramButton5))]</icon>
			<thumb>-</thumb>
			<visible>!IsEmpty(Skin.String(HomeProgramButton5))</visible>
		</item>
		<item>
			<label>$INFO[system.addontitle(Skin.String(HomeProgramButton6))]</label>
			<onclick>RunAddon($INFO[Skin.String(HomeProgramButton6)])</onclick>
			<icon>$INFO[system.addonicon(Skin.String(HomeProgramButton6))]</icon>
			<thumb>-</thumb>
			<visible>!IsEmpty(Skin.String(HomeProgramButton6))</visible>
		</item>
		<item>
			<label>$INFO[system.addontitle(Skin.String(HomeProgramButton7))]</label>
			<onclick>RunAddon($INFO[Skin.String(HomeProgramButton7)])</onclick>
			<icon>$INFO[system.addonicon(Skin.String(HomeProgramButton7))]</icon>
			<thumb>-</thumb>
			<visible>!IsEmpty(Skin.String(HomeProgramButton7))</visible>
		</item>
		<item>
			<label>$INFO[system.addontitle(Skin.String(HomeProgramButton8))]</label>
			<onclick>RunAddon($INFO[Skin.String(HomeProgramButton8)])</onclick>
			<icon>$INFO[system.addonicon(Skin.String(HomeProgramButton8))]</icon>
			<thumb>-</thumb>
			<visible>!IsEmpty(Skin.String(HomeProgramButton8))</visible>
		</item>
		<item>
			<label>$INFO[system.addontitle(Skin.String(HomeProgramButton9))]</label>
			<onclick>RunAddon($INFO[Skin.String(HomeProgramButton9)])</onclick>
			<icon>$INFO[system.addonicon(Skin.String(HomeProgramButton9))]</icon>
			<thumb>-</thumb>
			<visible>!IsEmpty(Skin.String(HomeProgramButton9))</visible>
		</item>
		<item>
			<label>$INFO[system.addontitle(Skin.String(HomeProgramButton10))]</label>
			<onclick>RunAddon($INFO[Skin.String(HomeProgramButton10)])</onclick>
			<icon>$INFO[system.addonicon(Skin.String(HomeProgramButton10))]</icon>
			<thumb>-</thumb>
			<visible>!IsEmpty(Skin.String(HomeProgramButton10))</visible>
		</item>
	</include>
</includes>
