<?xml version="1.0" encoding="UTF-8" standalone="yes"?>
<addon id="plugin.program.mediamogulprotoolkit" name="Media Mogul Pro Toolkit" version="0.0.1" provider-name="Media Mogul">
  <requires>
    <import addon="xbmc.python" version="2.1.0"/>
  </requires>
  <extension point="xbmc.python.pluginsource" library="default.py">
    <provides>executable</provides>
  </extension>
  <extension point="xbmc.service" library="startup.py" start="startup" />
  <extension point="xbmc.addon.metadata">
    <summary lang="en">Media Mogul Pro Toolkit</summary>
    <description lang="en">Media Mogul Pro Toolkit allows you to get access to the LATEST Media Mogul Builds.</description>
    <platform>all</platform>
  </extension>
</addon>