<?xml version="1.0" encoding="UTF-8" standalone="yes"?>
<addon
  id="plugin.video.Showbox"
  version="1.2"
  name="Showbox"
  provider-name="Showbox">
  <requires>
        <import addon="xbmc.python" version="2.1.0" optional="true" />
		<import addon="script.module.simplejson" />
		<import addon="script.module.beautifulsoup" version="3.0.8"/>
        <import addon="script.module.urlresolver" version="1.0.0"/>
		<import addon="script.module.t0mm0.common" version="1.1.0"/>
  </requires>
  <extension point="xbmc.python.pluginsource"
            library="default.py">
        <provides>video</provides>
  </extension>
  <extension point="xbmc.addon.metadata">
    <summary>Showbox</summary>
    <description>Watch Movies and TVShows on Showbox</description>
    <platform>all</platform>
  </extension>
</addon>