<?xml version="1.0" encoding="UTF-8" standalone="yes"?>
<addon id="repository.mediamogul" name="Media Mogul REPO" version="1.0.1" provider-name="mediamogul">
	<extension point="xbmc.addon.repository" name="Media Mogul Repository">
		<info compressed="false">https://raw.githubusercontent.com/mmogul/mediamogul.co.uk/master/addons.xml</info>
		<checksum>https://raw.githubusercontent.com/mmogul/mediamogul.co.uk/master/addons.xml.md5</checksum>
		<datadir zip="true">https://raw.githubusercontent.com/mmogul/mediamogul.co.uk/master/zips</datadir>
	</extension>
	<extension point="xbmc.addon.metadata">
		<summary>Media Mogul</summary>
		<description>Install, Recover and cutomise from Media Mogul</description>
		<platform>all</platform>
	</extension>
</addon>

