<?xml version="1.0" encoding="UTF-8" standalone="yes"?>
<addon id="script.mmogulmaintenance"
       name="Media Mogul Maintenance"
       version="1.0.0"
       provider-name="Media Mogul">
  <requires>
    <import addon="xbmc.python" version="2.1.0"/>
  </requires>
  <extension point="xbmc.python.pluginsource" library="default.py">
        <provides>executable</provides>
  </extension>
  <extension point="xbmc.addon.metadata">
    <platform>all</platform>
    <summary>Raw Maintinance</summary>
    <description>
	Your one stop tool for maintaining your device. 
	For support please visit www.mediamogul.co.uk 
    </description>
    <language></language>
    <license></license>
    <source></source>
    <forum></forum>
    <website></website>
  </extension>
</addon>
