﻿<?xml version="1.0" encoding="UTF-8" standalone="yes"?>
<addon id="plugin.video.stalker" name="Mogul Stalker" version="10.0.21" provider-name="Media Mogul">
    <requires>
		<import addon="xbmc.python" version="2.14.0"/>
	</requires>
	<extension point="xbmc.python.pluginsource" library="addon.py">
		<provides>video</provides>
	</extension>
	<extension point="xbmc.service" library="server.py" start="startup" />
	<extension point="xbmc.addon.metadata">
		<platform>all</platform>
		<summary lang="en">Media Mogul</summary>
		<description lang="en">Media Mogul IPTV Stalker Build</description>
		<license>GNU General Public License, v2</license>
		<language></language>
		
	</extension>
</addon>