<?xml version="1.0" encoding="UTF-8" standalone="yes"?>
<addon id="plugin.program.mediamogulwizard" name="Media Mogul Wizard" version="1.0.6" provider-name="www.mediamogul.co.uk">
  <requires>
    <import addon="xbmc.python" version="2.1.0"/>
	<import addon="plugin.program.mediamogultoolkit" version="0.0.1"/>
  </requires>
  <extension point="xbmc.python.pluginsource" library="default.py">
        <provides>executable</provides>
  </extension>
  <extension point="xbmc.addon.metadata">
    <summary lang="en">Media Mogul Wizard</summary>
    <description lang="en">Easy Install With KODI / XBMC.</description>
    <platform>all</platform>
  </extension>
</addon>
